plot,abbr,layer,cover,voucher,comment,history
abaa01,agro capi,hl,+,,,
abaa01,ajug rept,hl,r,,,
abaa01,alch mont,hl,2a,,,
abaa01,alop prat,hl,+,,,
abaa01,anth odor,hl,2b,,,
abaa01,briz medi,hl,1,,,
abaa01,calt palu,hl,+,,,
abaa01,care echi,hl,1,,,
abaa01,care flav flav,hl,+,,,
abaa01,care lepi,hl,+,,,
abaa01,care lepo,hl,2m,,,
abaa01,care nigr,hl,+,,,
abaa01,care pall,hl,+,,,
abaa01,care pani,hl,2a,,,
abaa01,caru carv,hl,1,,,
abaa01,cera holo,hl,+,,,
abaa01,cyno cris,hl,1,,,
abaa01,dact maja maja,hl,r,,,
abaa01,fest prat prat,hl,2a,,,
abaa01,fest rubr rubr,hl,2a,,,
abaa01,gali palu palu,hl,r,,,
abaa01,gali ulig,hl,+,,,
abaa01,gera sylv,hl,r,,,
abaa01,holc lana,hl,+,,,
abaa01,junc effu,hl,+,,,
abaa01,lath prat prat,hl,+,,,
abaa01,leon hisp hisp,hl,2a,,,
abaa01,lotu corn,hl,+,,,
abaa01,luzu mult,hl,+,,,
abaa01,lych flos cucu,hl,+,,,
abaa01,myos palu aggr,hl,1,,,
abaa01,phle prat,hl,r,,,
abaa01,plan lanc,hl,1,,,
abaa01,poa triv,hl,+,,,
abaa01,prun vulg,hl,1,,,
abaa01,ranu acri acri,hl,+,,,
abaa01,ranu nemo,hl,+,,,
abaa01,ranu repe,hl,+,,,
abaa01,rhin mino,hl,1,,,
abaa01,rume acet osa,hl,+,,,
abaa01,stel gram,hl,+,,,
abaa01,tara sect rude,hl,r,,,
abaa01,trif dubi,hl,2b,,,
abaa01,trif prat prat,hl,2a,,,
abaa01,trif repe repe,hl,+,,,
abaa01,tris flav flav,hl,1,,,
abaa01,trol euro,hl,1,,,
abaa01,vero cham cham,hl,r,,,
abaa02,agro capi,hl,+,,,
abaa02,ajug rept,hl,+,,,
abaa02,alch mont,hl,1,,,
abaa02,anem nemo,hl,r,,,
abaa02,anth odor,hl,2b,,,
abaa02,briz medi,hl,2a,,,
abaa02,care echi,hl,2m,,,
abaa02,care flav flav,hl,+,,,
abaa02,care lepi,hl,1,,,
abaa02,care lepo,hl,2a,,,
abaa02,care nigr,hl,1,,,
abaa02,care pall,hl,1,,,
abaa02,care pani,hl,2b,,,
abaa02,cera holo,hl,+,,,
abaa02,cyno cris,hl,1,,,
abaa02,dact maja maja,hl,1,,,
abaa02,fest prat prat,hl,2a,,,
abaa02,fest rubr rubr,hl,2b,,,
abaa02,gali ulig,hl,1,,,
abaa02,holc lana,hl,2a,,,
abaa02,junc arti,hl,r,,,
abaa02,junc effu,hl,+,,,
abaa02,lath prat prat,hl,+,,,
abaa02,leon hisp hisp,hl,2b,,,
abaa02,lotu corn,hl,+,,,
abaa02,luzu mult,hl,+,,,
abaa02,lych flos cucu,hl,1,,,
abaa02,myos palu aggr,hl,1,,,
abaa02,phle prat,hl,+,,,
abaa02,plan lanc,hl,2a,,,
abaa02,poa triv,hl,+,,,
abaa02,prun vulg,hl,1,,,
abaa02,ranu acri acri,hl,+,,,
abaa02,ranu repe,hl,r,,,
abaa02,rume acet osa,hl,+,,,
abaa02,trif dubi,hl,2a,,,
abaa02,trif prat prat,hl,2a,,,
abaa02,trif repe repe,hl,+,,,
abaa02,tris flav flav,hl,1,,,
abaa02,trol euro,hl,+,,,
abaa02,vale dioi dioi,hl,+,,,
abaa02,vera albu albu,hl,r,,,
abaa02,vero cham cham,hl,+,,,
abaa02,vici crac,hl,+,,,
abaa02,will stip stip,hl,+,,,
abaa03,alch mont,hl,+,,,
abaa03,anth odor,hl,1,,,
abaa03,briz medi,hl,2b,,,
abaa03,calt palu,hl,1,,,
abaa03,care dava,hl,2a,,,
abaa03,care echi,hl,2a,,,
abaa03,care flav flav,hl,1,,,
abaa03,care lepi,hl,+,,,
abaa03,care lepo,hl,1,,,
abaa03,care nigr,hl,1,,,
abaa03,care pall,hl,+,,,
abaa03,care pani,hl,3,,,
abaa03,cera holo,hl,r,,,
abaa03,cirs palu,hl,r,,,
abaa03,cyno cris,hl,1,,,
abaa03,dact maja maja,hl,1,,,
abaa03,fest prat prat,hl,+,,,
abaa03,fest rubr rubr,hl,2a,,,
abaa03,gali palu palu,hl,+,,,
abaa03,holc lana,hl,2a,,,
abaa03,junc arti,hl,+,,,
abaa03,junc effu,hl,1,,,
abaa03,lath prat prat,hl,+,,,
abaa03,leon hisp hisp,hl,1,,,
abaa03,lych flos cucu,hl,1,,,
abaa03,myos palu aggr,hl,1,,,
abaa03,plan lanc,hl,+,,,
abaa03,poa triv,hl,+,,,
abaa03,pote erec,hl,+,,,
abaa03,prun vulg,hl,1,,,
abaa03,ranu acri acri,hl,1,,,
abaa03,ranu flam,hl,r,,,
abaa03,rume acet osa,hl,+,,,
abaa03,scir sylv,hl,+,,,
abaa03,trif prat prat,hl,1,,,
abaa03,trif repe repe,hl,+,,,
abaa03,trol euro,hl,+,,,
abaa03,vale dioi dioi,hl,2b,,,
abaa03,vici crac,hl,r,,,
abaa03,will stip stip,hl,1,,,
abaa04,ajug rept,hl,r,,,
abaa04,anth odor,hl,+,,,
abaa04,care dava,hl,1,,,
abaa04,care echi,hl,1,,,
abaa04,care flav flav,hl,+,,,
abaa04,care lepi,hl,1,,,
abaa04,care nigr,hl,2b,,,
abaa04,care pall,hl,+,,,
abaa04,care pani,hl,3,,,
abaa04,cirs palu,hl,r,,,
abaa04,dact maja maja,hl,1,,,
abaa04,epil palu,hl,r,,,
abaa04,epil parv,hl,+,,,
abaa04,epil spec ies,hl,+,,,
abaa04,erio lati,hl,r,,,
abaa04,gali palu palu,hl,1,,,
abaa04,holc lana,hl,+,,,
abaa04,junc arti,hl,2m,,,
abaa04,junc effu,hl,1,,,
abaa04,junc infl,hl,1,,,
abaa04,lath prat prat,hl,+,,,
abaa04,lych flos cucu,hl,+,,,
abaa04,ment long,hl,1,,,
abaa04,myos palu aggr,hl,+,,,
abaa04,poa triv,hl,+,,,
abaa04,pote erec,hl,1,,,
abaa04,ranu acri acri,hl,+,,,
abaa04,ranu flam,hl,+,,,
abaa04,scir sylv,hl,3,,,
abaa04,vale dioi dioi,hl,2b,,,
abaa04,vero becc,hl,r,,,
abaa04,vici crac,hl,r,,,
abaa05,ajug rept,hl,+,,,
abaa05,alch glab,hl,+,,cf,
abaa05,anth odor,hl,+,,,
abaa05,briz medi,hl,+,,,
abaa05,care dava,hl,2b,,,
abaa05,care echi,hl,2b,,,
abaa05,care lepi,hl,+,,,
abaa05,care nigr,hl,2a,,,
abaa05,care pani,hl,2a,,,
abaa05,care pani pani,hl,1,,,
abaa05,cirs palu,hl,r,,,
abaa05,dact macu slat,hl,1,,,
abaa05,equi palu,hl,r,,,
abaa05,erio lati,hl,3,,,
abaa05,fest prat prat,hl,+,,,
abaa05,fest rubr rubr,hl,+,,,
abaa05,gali palu palu,hl,+,,,
abaa05,gali ulig,hl,+,,,
abaa05,geum riva,hl,r,,,
abaa05,holc lana,hl,+,,,
abaa05,hype tetr,hl,r,,,
abaa05,junc arti,hl,+,,,
abaa05,junc effu,hl,+,,,
abaa05,lath prat prat,hl,+,,,
abaa05,leon hisp hisp,hl,1,,,
abaa05,ment vert,hl,r,,cf,
abaa05,pote erec,hl,2a,,,
abaa05,prim elat,hl,r,,,
abaa05,prun vulg,hl,+,,,
abaa05,ranu acri acri,hl,+,,,
abaa05,scir sylv,hl,2a,,,
abaa05,trif prat prat,hl,+,,,
abaa05,vale dioi dioi,hl,2b,,,
abaa05,vero becc,hl,r,,,
abaa05,will stip stip,hl,1,,,
abaa06,ajug rept,hl,+,,,
abaa06,alch glab,hl,r,,,
abaa06,anth odor,hl,+,,,
abaa06,briz medi,hl,1,,,
abaa06,care dava,hl,2a,,,
abaa06,care echi,hl,2b,,,
abaa06,care flac,hl,+,,,
abaa06,care nigr,hl,2a,,,
abaa06,care pani,hl,1,,,
abaa06,care pani pani,hl,+,,,
abaa06,cirs palu,hl,r,,,
abaa06,dact maja maja,hl,1,,,
abaa06,erio lati,hl,3,,,
abaa06,fest rubr rubr,hl,+,,,
abaa06,gali ulig,hl,+,,,
abaa06,junc arti,hl,+,,cf,
abaa06,lath prat prat,hl,+,,,
abaa06,leon hisp hisp,hl,2a,,,
abaa06,ment vert,hl,+,,cf,
abaa06,plan lanc,hl,+,,,
abaa06,poly amar ella,hl,1,,,
abaa06,pote erec,hl,1,,,
abaa06,ranu acri acri,hl,+,,,
abaa06,rhin mino,hl,r,,,
abaa06,scir sylv,hl,1,,,
abaa06,trif dubi,hl,r,,,
abaa06,trif prat prat,hl,1,,,
abaa06,vale dioi dioi,hl,3,,,
abaa06,will stip stip,hl,1,,,
abaa07,ajug rept,hl,+,,,
abaa07,anth odor,hl,2a,,,
abaa07,briz medi,hl,2a,,,
abaa07,calt palu,hl,+,,,
abaa07,care echi,hl,2a,,,
abaa07,care flav flav,hl,+,,,
abaa07,care lepi,hl,+,,,
abaa07,care lepo,hl,+,,,
abaa07,care nigr,hl,2a,,,
abaa07,care pani,hl,2b,,,
abaa07,cera holo,hl,+,,,
abaa07,chae hirs,hl,+,,,
abaa07,cyno cris,hl,2a,,,
abaa07,dact maja maja,hl,+,,,
abaa07,fest prat prat,hl,+,,,
abaa07,fest rubr rubr,hl,2a,,,
abaa07,gali palu palu,hl,+,,,
abaa07,gali ulig,hl,+,,,
abaa07,holc lana,hl,2a,,,
abaa07,junc arti,hl,+,,,
abaa07,junc effu,hl,1,,,
abaa07,leon hisp hisp,hl,2a,,,
abaa07,lotu corn,hl,+,,,
abaa07,lych flos cucu,hl,+,,,
abaa07,myos palu aggr,hl,+,,,
abaa07,plan lanc,hl,2a,,,
abaa07,poa triv,hl,+,,,
abaa07,prun vulg,hl,1,,,
abaa07,ranu acri acri,hl,1,,,
abaa07,ranu repe,hl,+,,,
abaa07,rhin mino,hl,1,,,
abaa07,scir sylv,hl,1,,,
abaa07,trif dubi,hl,2a,,,
abaa07,trif repe repe,hl,r,,,
abaa07,trif prat prat,hl,2a,,,
abaa07,tris flav flav,hl,+,,,
abaa07,trol euro,hl,2a,,,
abaa07,vale dioi dioi,hl,2a,,,
abaa07,vera albu albu,hl,r,,,
abaa07,vici crac,hl,+,,,
abaa07,will stip stip,hl,1,,,
abaa08,alch glab,hl,+,,cf,
abaa08,alch mont,hl,+,,,
abaa08,anth odor,hl,2a,,,
abaa08,briz medi,hl,1,,,
abaa08,calt palu,hl,+,,,
abaa08,care echi,hl,1,,,
abaa08,care nigr,hl,2a,,,
abaa08,care pani,hl,2b,,,
abaa08,care pani pani,hl,+,,,
abaa08,cera holo,hl,+,,,
abaa08,chae hirs,hl,+,,,
abaa08,cyno cris,hl,2a,,,
abaa08,dact maja maja,hl,r,,,
abaa08,fest prat prat,hl,1,,,
abaa08,fest rubr rubr,hl,1,,,
abaa08,gali palu palu,hl,+,,,
abaa08,gali ulig,hl,+,,,
abaa08,holc lana,hl,2a,,,
abaa08,junc arti,hl,+,,,
abaa08,junc effu,hl,1,,,
abaa08,lath prat prat,hl,+,,,
abaa08,leon hisp hisp,hl,1,,,
abaa08,lych flos cucu,hl,+,,,
abaa08,myos palu aggr,hl,+,,,
abaa08,plan lanc,hl,1,,,
abaa08,pote erec,hl,+,,,
abaa08,prun vulg,hl,+,,,
abaa08,ranu acon,hl,r,,,
abaa08,ranu acri acri,hl,+,,,
abaa08,rhin mino,hl,+,,,
abaa08,rume acet osa,hl,r,,,
abaa08,scir sylv,hl,3,,,
abaa08,trif dubi,hl,2a,,,
abaa08,trif prat prat,hl,2b,,,
abaa08,tris flav flav,hl,+,,,
abaa08,trol euro,hl,+,,,
abaa08,vale dioi dioi,hl,2b,,,
abaa08,vici crac,hl,+,,,
abaa08,will stip stip,hl,1,,,
abaa09,alch mont,hl,r,,,
abaa09,anth odor,hl,2a,,,
abaa09,briz medi,hl,2a,,,
abaa09,calt palu,hl,+,,,
abaa09,care echi,hl,1,,,
abaa09,care flav flav,hl,+,,,
abaa09,care lepi,hl,+,,,
abaa09,care lepo,hl,1,,,
abaa09,care nigr,hl,2a,,,
abaa09,care pall,hl,1,,,
abaa09,care pani,hl,2b,,,
abaa09,cera holo,hl,+,,,
abaa09,cirs palu,hl,r,,,
abaa09,cyno cris,hl,2a,,,
abaa09,dact maja maja,hl,r,,,
abaa09,epil parv,hl,r,,,
abaa09,fest prat prat,hl,1,,,
abaa09,fest rubr rubr,hl,1,,,
abaa09,gali palu palu,hl,1,,,
abaa09,gali ulig,hl,r,,,
abaa09,holc lana,hl,2b,,,
abaa09,junc arti,hl,+,,,
abaa09,junc effu,hl,1,,,
abaa09,lath prat prat,hl,+,,,
abaa09,leon hisp hisp,hl,1,,,
abaa09,luzu mult,hl,+,,,
abaa09,lych flos cucu,hl,1,,,
abaa09,ment long,hl,1,,,
abaa09,myos palu aggr,hl,+,,,
abaa09,plan lanc,hl,+,,,
abaa09,poa triv,hl,+,,,
abaa09,ranu acri acri,hl,+,,,
abaa09,ranu flam,hl,1,,,
abaa09,ranu repe,hl,+,,,
abaa09,rume acet osa,hl,+,,,
abaa09,scir sylv,hl,1,,,
abaa09,stel gram,hl,+,,,
abaa09,trif dubi,hl,+,,,
abaa09,trif prat prat,hl,2a,,,
abaa09,trif repe repe,hl,2b,,,
abaa09,vale dioi dioi,hl,2a,,,
abaa09,vero becc,hl,r,,,
abaa09,vero cham cham,hl,+,,,
abaa09,vici crac,hl,+,,,
abaa09,vici sepi,hl,+,,,
abaa09,will stip stip,hl,1,,,
abaa10,achi mill aggr,hl,+,,,
abaa10,alch mont,hl,+,,,
abaa10,alop prat,hl,1,,,
abaa10,anth odor,hl,2a,,,
abaa10,bell pere,hl,+,,,
abaa10,caru carv,hl,+,,,
abaa10,cera holo,hl,+,,,
abaa10,chae hirs,hl,1,,,
abaa10,dact glom glom,hl,1,,,
abaa10,fest rubr rubr,hl,2a,,,
abaa10,hera spho spho,hl,+,,,
abaa10,lath prat prat,hl,+,,,
abaa10,phle prat,hl,2a,,,
abaa10,plan lanc,hl,2a,,,
abaa10,poa triv,hl,1,,,
abaa10,ranu acri acri,hl,2a,,,
abaa10,ranu repe,hl,3,,,
abaa10,rume acet osa,hl,r,,,
abaa10,rume obtu obtu,hl,r,,,
abaa10,tara sect rude,hl,r,,,
abaa10,trif prat prat,hl,1,,,
abaa10,trif repe repe,hl,1,,,
abaa10,tris flav flav,hl,2b,,,
abaa10,vero cham cham,hl,r,,,
abaa10,vici crac,hl,+,,,
abaa11,agro capi,hl,+,,,
abaa11,ajug rept,hl,+,,,
abaa11,alch mont,hl,+,,,
abaa11,anth odor,hl,3,,,
abaa11,briz medi,hl,2a,,,
abaa11,calt palu,hl,+,,,
abaa11,care echi,hl,+,,,
abaa11,care flav flav,hl,+,,,
abaa11,care lepo,hl,1,,,
abaa11,care nigr,hl,+,,,
abaa11,care pall,hl,1,,,
abaa11,care pani,hl,2a,,,
abaa11,caru carv,hl,+,,,
abaa11,cera holo,hl,+,,,
abaa11,chae hirs,hl,+,,,
abaa11,dact glom glom,hl,+,,,
abaa11,dact maja maja,hl,+,,,
abaa11,fest prat prat,hl,2a,,,
abaa11,fest rubr rubr,hl,2a,,,
abaa11,gali ulig,hl,1,,,
abaa11,holc lana,hl,2b,,,
abaa11,junc effu,hl,+,,,
abaa11,lath prat prat,hl,+,,,
abaa11,leon hisp hisp,hl,2a,,,
abaa11,lotu corn,hl,+,,,
abaa11,luzu mult,hl,+,,,
abaa11,lych flos cucu,hl,+,,,
abaa11,lysi nemo,hl,+,,,
abaa11,myos palu aggr,hl,+,,,
abaa11,plan lanc,hl,1,,,
abaa11,poa triv,hl,+,,,
abaa11,pote erec,hl,1,,,
abaa11,prim elat,hl,r,,,
abaa11,prun vulg,hl,1,,,
abaa11,ranu acri acri,hl,+,,,
abaa11,ranu repe,hl,+,,,
abaa11,rhin mino,hl,+,,,
abaa11,rume acet osa,hl,+,,,
abaa11,trif dubi,hl,1,,,
abaa11,trif prat prat,hl,1,,,
abaa11,trif repe repe,hl,+,,,
abaa11,tris flav flav,hl,1,,,
abaa11,trol euro,hl,1,,,
abaa11,vera albu albu,hl,r,,,
abaa11,vero cham cham,hl,+,,,
abaa11,vici crac,hl,+,,,
abaa11,will stip stip,hl,1,,,
abaa12,achi mill aggr,hl,+,,,
abaa12,alch mont,hl,1,,,
abaa12,alop prat,hl,1,,,
abaa12,anth odor,hl,2b,,,
abaa12,bell pere,hl,+,,,
abaa12,care lepo,hl,1,,,
abaa12,cent jace jace,hl,r,,,
abaa12,cera holo,hl,+,,,
abaa12,crep aure aure,hl,1,,,
abaa12,dact glom glom,hl,1,,,
abaa12,fest nigr cens,hl,+,,,
abaa12,fest prat prat,hl,2b,,,
abaa12,fest rubr rubr,hl,2b,,,
abaa12,hera spho spho,hl,+,,,
abaa12,lath prat prat,hl,+,,,
abaa12,leon hisp hisp,hl,1,,,
abaa12,phle prat,hl,2a,,,
abaa12,plan lanc,hl,2a,,,
abaa12,poa triv,hl,1,,,
abaa12,ranu acri acri,hl,2a,,,
abaa12,ranu repe,hl,2a,,,
abaa12,rhin alec alec,hl,+,,,
abaa12,rume acet osa,hl,1,,,
abaa12,tara sect rude,hl,+,,,
abaa12,trif repe repe,hl,+,,,
abaa12,trif prat prat,hl,2b,,,
abaa12,tris flav flav,hl,3,,,
abaa12,vero cham cham,hl,1,,,
abaa12,vici crac,hl,+,,,
abaa13,ajug rept,hl,r,,,
abaa13,alch mont,hl,+,,,
abaa13,anth odor,hl,1,,,
abaa13,briz medi,hl,1,,,
abaa13,calt palu,hl,1,,,
abaa13,care echi,hl,1,,,
abaa13,care nigr,hl,1,,,
abaa13,care pall,hl,+,,,
abaa13,care pani,hl,2b,,,
abaa13,care pani pani,hl,+,,,
abaa13,cera holo,hl,+,,,
abaa13,cirs oler,hl,r,,,
abaa13,cyno cris,hl,2a,,,
abaa13,dact maja maja,hl,+,,,
abaa13,fest prat prat,hl,2a,,,
abaa13,fest rubr rubr,hl,2a,,,
abaa13,gali palu palu,hl,+,,,
abaa13,holc lana,hl,2b,,,
abaa13,junc arti,hl,+,,,
abaa13,junc effu,hl,1,,,
abaa13,lath prat prat,hl,+,,,
abaa13,leon hisp hisp,hl,+,,,
abaa13,lych flos cucu,hl,+,,,
abaa13,myos palu aggr,hl,1,,,
abaa13,phle prat,hl,1,,,
abaa13,plan lanc,hl,1,,,
abaa13,poa triv,hl,+,,,
abaa13,pote rept,hl,r,,,
abaa13,prun vulg,hl,+,,,
abaa13,ranu acri acri,hl,1,,,
abaa13,ranu repe,hl,r,,,
abaa13,rhin mino,hl,+,,,
abaa13,rume acet osa,hl,r,,,
abaa13,scir sylv,hl,2a,,,
abaa13,trif dubi,hl,2b,,,
abaa13,trif prat prat,hl,3,,,
abaa13,trif repe repe,hl,1,,,
abaa13,vale dioi dioi,hl,+,,,
abaa13,vero cham cham,hl,+,,,
abaa13,vici crac,hl,+,,,
abaa14,achi mill aggr,hl,+,,,
abaa14,alop prat,hl,+,,,
abaa14,anth odor,hl,2b,,,
abaa14,care lepo,hl,+,,,
abaa14,cera holo,hl,+,,,
abaa14,chae hirs,hl,+,,,
abaa14,crep aure aure,hl,+,,,
abaa14,crep bien,hl,+,,,
abaa14,cyno cris,hl,1,,,
abaa14,dact glom glom,hl,1,,,
abaa14,fest nigr cens,hl,2a,,,
abaa14,fest prat prat,hl,1,,,
abaa14,fest rubr rubr,hl,3,,,
abaa14,hera spho spho,hl,2a,,,
abaa14,hype macu,hl,+,,,
abaa14,lath prat prat,hl,+,,,
abaa14,leon hisp hisp,hl,+,,,
abaa14,phle prat,hl,1,,,
abaa14,plan lanc,hl,2a,,,
abaa14,poa triv,hl,+,,,
abaa14,prun vulg,hl,1,,,
abaa14,ranu acri acri,hl,1,,,
abaa14,ranu repe,hl,+,,,
abaa14,rume acet osa,hl,+,,,
abaa14,tara sect rude,hl,1,,,
abaa14,trif prat prat,hl,2b,,,
abaa14,trif repe repe,hl,2a,,,
abaa14,tris flav flav,hl,3,,,
abaa14,vero cham cham,hl,2m,,,
abaa14,vici crac,hl,+,,,
abaa15,achi mill aggr,hl,1,,,
abaa15,aego poda,hl,r,,,
abaa15,ajug rept,hl,+,,,
abaa15,alch mont,hl,+,,,
abaa15,alop prat,hl,1,,,
abaa15,bell pere,hl,+,,,
abaa15,cera holo,hl,+,,,
abaa15,chae aure,hl,r,,,
abaa15,crep aure aure,hl,r,,,
abaa15,crep bien,hl,1,,,
abaa15,dact glom glom,hl,2a,,,
abaa15,fest rubr rubr,hl,1,,,
abaa15,hera spho spho,hl,2b,,,
abaa15,lath prat prat,hl,1,,,
abaa15,leon hisp hisp,hl,+,,,
abaa15,loli pere,hl,2a,,,
abaa15,phle prat,hl,+,,,
abaa15,pimp majo majo,hl,+,,,
abaa15,plan lanc,hl,1,,,
abaa15,poa triv,hl,2a,,,
abaa15,ranu acri acri,hl,2a,,,
abaa15,ranu repe,hl,1,,,
abaa15,rhin alec alec,hl,2b,,,
abaa15,rume acet osa,hl,+,,,
abaa15,rume obtu obtu,hl,r,,,
abaa15,tara sect rude,hl,+,,,
abaa15,trif prat prat,hl,2b,,,
abaa15,trif repe repe,hl,2a,,,
abaa15,tris flav flav,hl,3,,,
abaa15,vero cham cham,hl,1,,,
abaa15,vero serp serp,hl,+,,,
abaa15,vici crac,hl,+,,,
abaa16,blys comp,hl,2a,,,
abaa16,briz medi,hl,1,,,
abaa16,care dava,hl,3,,,
abaa16,care flac,hl,1,,,
abaa16,care flav flav,hl,1,,,
abaa16,care host,hl,+,,,
abaa16,care pani,hl,2a,,,
abaa16,care pani pani,hl,+,,,
abaa16,caru carv,hl,r,,,
abaa16,dact macu slat,hl,r,,,
abaa16,dact maja maja,hl,1,,,
abaa16,eleo quin,hl,2a,,,
abaa16,epip palu,hl,+,,,
abaa16,equi palu,hl,+,,,
abaa16,erio lati,hl,2a,,,
abaa16,euph offi rost,hl,+,,,
abaa16,gali ulig,hl,+,,,
abaa16,junc arti,hl,1,,,
abaa16,lath prat prat,hl,+,,,
abaa16,leon hisp hisp,hl,r,,,
abaa16,lotu corn,hl,+,,,
abaa16,lych flos cucu,hl,+,,,
abaa16,parn palu,hl,1,,,
abaa16,ping vulg,hl,1,,,
abaa16,plan lanc,hl,+,,,
abaa16,poly amar ella,hl,+,,,
abaa16,pote erec,hl,1,,,
abaa16,prim elat,hl,r,,,
abaa16,prim fari,hl,r,,,
abaa16,prun vulg,hl,+,,,
abaa16,ranu acri acri,hl,+,,,
abaa16,ranu mont,hl,+,,,
abaa16,rhin alec alec,hl,r,,,
abaa16,tofi caly,hl,+,,,
abaa16,trig palu,hl,+,,,
abaa16,vale dioi dioi,hl,+,,,
abaa16,will stip stip,hl,1,,,
abaa17,bell pere,hl,+,,,
abaa17,blys comp,hl,+,,,
abaa17,briz medi,hl,1,,,
abaa17,calt palu,hl,r,,,
abaa17,care dava,hl,3,,,
abaa17,care flac,hl,+,,,
abaa17,care flav flav,hl,1,,,
abaa17,care hirt,hl,r,,,
abaa17,care lepo,hl,+,,,
abaa17,care pani,hl,2a,,,
abaa17,care pani pani,hl,1,,,
abaa17,care sylv,hl,+,,,
abaa17,cirs palu,hl,r,,,
abaa17,cyno cris,hl,+,,,
abaa17,dact maja maja,hl,+,,,
abaa17,desc cesp,hl,+,,,
abaa17,eleo quin,hl,r,,,
abaa17,equi palu,hl,1,,,
abaa17,erio lati,hl,+,,,
abaa17,fest prat prat,hl,+,,,
abaa17,geum riva,hl,1,,,
abaa17,junc arti,hl,1,,,
abaa17,junc effu,hl,+,,,
abaa17,junc infl,hl,1,,,
abaa17,leon hisp hisp,hl,1,,,
abaa17,lotu corn,hl,+,,,
abaa17,parn palu,hl,r,,,
abaa17,plan lanc,hl,1,,,
abaa17,poa triv,hl,+,,,
abaa17,prim elat,hl,+,,,
abaa17,prun vulg,hl,+,,,
abaa17,ranu acri acri,hl,1,,,
abaa17,ranu mont,hl,+,,,
abaa17,ranu repe,hl,+,,,
abaa17,rhin alec alec,hl,r,,,
abaa17,rhin mino,hl,+,,,
abaa17,trif prat prat,hl,1,,,
abaa17,trig palu,hl,+,,,
abaa17,tuss farf,hl,1,,,
abaa17,vale dioi dioi,hl,1,,,
abaa17,will stip stip,hl,1,,,
abaa18,agro capi,hl,+,,,
abaa18,briz medi,hl,2a,,,
abaa18,calt palu,hl,+,,,
abaa18,care dava,hl,4,,,
abaa18,care echi,hl,+,,,
abaa18,care flac,hl,+,,,
abaa18,care host,hl,+,,,
abaa18,care nigr,hl,+,,,
abaa18,care pani,hl,2a,,,
abaa18,care pani pani,hl,+,,,
abaa18,dact macu slat,hl,r,,,
abaa18,dact maja maja,hl,+,,,
abaa18,eleo quin,hl,r,,,
abaa18,epil parv,hl,r,,,
abaa18,erio lati,hl,2b,,,
abaa18,junc arti,hl,+,,,
abaa18,junc effu,hl,+,,,
abaa18,leon hisp hisp,hl,1,,,
abaa18,lotu corn,hl,+,,,
abaa18,lyth sali,hl,r,,,
abaa18,ment long,hl,r,,,
abaa18,ment vert,hl,r,,,
abaa18,parn palu,hl,+,,,
abaa18,plan lanc,hl,+,,,
abaa18,pote erec,hl,1,,,
abaa18,prim elat,hl,+,,,
abaa18,ranu acri acri,hl,+,,,
abaa18,ranu mont,hl,1,,,
abaa18,trif prat prat,hl,+,,,
abaa18,trig palu,hl,r,,,
abaa18,vale dioi dioi,hl,1,,,
abaa18,will stip stip,hl,1,,,
abaa19,achi mill aggr,hl,1,,,
abaa19,alch mont,hl,+,,,
abaa19,anth odor,hl,2a,,,
abaa19,briz medi,hl,3,,,
abaa19,care pall,hl,r,,,
abaa19,care pani,hl,+,,,
abaa19,caru carv,hl,1,,,
abaa19,cera holo,hl,+,,,
abaa19,crep moll slat,hl,r,,,
abaa19,cyno cris,hl,+,,,
abaa19,dact glom glom,hl,+,,,
abaa19,dact macu slat,hl,r,,,
abaa19,dact maja maja,hl,+,,,
abaa19,equi palu,hl,r,,,
abaa19,euph offi rost,hl,+,,,
abaa19,fest prat prat,hl,2a,,,
abaa19,fest rubr rubr,hl,1,,,
abaa19,hera spho spho,hl,+,,,
abaa19,junc effu,hl,+,,,
abaa19,junc infl,hl,r,,,
abaa19,leon hisp hisp,hl,3,,,
abaa19,leuc ircu,hl,1,,,
abaa19,linu cath,hl,+,,,
abaa19,lotu corn,hl,2a,,,
abaa19,luzu camp,hl,r,,,
abaa19,phle prat,hl,1,,,
abaa19,pimp majo majo,hl,+,,,
abaa19,pote erec,hl,+,,,
abaa19,pote rept,hl,+,,,
abaa19,prim elat,hl,r,,,
abaa19,prun vulg,hl,1,,,
abaa19,ranu mont,hl,+,,,
abaa19,ranu nemo,hl,r,,,
abaa19,rhin alec alec,hl,2b,,,
abaa19,rhin mino,hl,2a,,,
abaa19,rume acet osa,hl,+,,,
abaa19,stel gram,hl,+,,,
abaa19,trif prat prat,hl,2b,,,
abaa19,trif repe repe,hl,1,,,
abaa19,tris flav flav,hl,1,,,
abaa19,vici crac,hl,+,,,
abaa20,achi mill aggr,hl,+,,,
abaa20,alch mont,hl,+,,,
abaa20,anth odor,hl,1,,,
abaa20,apos foet,hl,+,,,
abaa20,astr majo,hl,1,,,
abaa20,blec spic,hl,r,,,
abaa20,briz medi,hl,+,,,
abaa20,camp patu patu,hl,r,,,
abaa20,care lepo,hl,1,,,
abaa20,care nigr,hl,+,,,
abaa20,care pall,hl,1,,,
abaa20,care pani,hl,1,,,
abaa20,care pilu pilu,hl,1,,,
abaa20,care sylv,hl,+,,,
abaa20,chae hirs,hl,1,,,
abaa20,crep aure aure,hl,+,,,
abaa20,cyno cris,hl,1,,,
abaa20,dact glom glom,hl,1,,,
abaa20,dact macu slat,hl,r,,,
abaa20,equi sylv,hl,+,,,
abaa20,euph offi rost,hl,+,,,
abaa20,fest nigr cens,hl,1,,,
abaa20,fest prat prat,hl,1,,,
abaa20,fest rubr rubr,hl,2b,,,
abaa20,gali albu,hl,+,,,
abaa20,gali ulig,hl,+,,,
abaa20,hera spho spho,hl,1,,,
abaa20,hier lach,hl,+,,,
abaa20,hier umbe,hl,+,,,
abaa20,holc moll,hl,+,,,
abaa20,hype macu,hl,1,,,
abaa20,knau arve arve,hl,1,,,
abaa20,leon hisp hisp,hl,2a,,,
abaa20,lotu corn,hl,+,,,
abaa20,luzu camp,hl,+,,,
abaa20,luzu sylv sylv,hl,r,,,
abaa20,nard stri,hl,+,,,
abaa20,phle prat,hl,+,,,
abaa20,pice abie,hl,r,,,
abaa20,plan lanc,hl,1,,,
abaa20,pote erec,hl,1,,,
abaa20,ranu acri acri,hl,+,,,
abaa20,rhin mino,hl,1,,,
abaa20,rubu sect rubu,hl,r,,,
abaa20,rume acet osa,hl,+,,,
abaa20,stel gram,hl,+,,,
abaa20,trif medi medi,hl,+,,,
abaa20,trif prat prat,hl,2a,,,
abaa20,tris flav flav,hl,+,,,
abaa20,tuss farf,hl,+,,,
abaa20,vacc myrt,hl,r,,,
abaa20,vera albu albu,hl,1,,,
abaa20,vici crac,hl,+,,,
abaa20,will stip stip,hl,1,,,
abaa21,achi mill aggr,hl,+,,,
abaa21,alch mont,hl,+,,,
abaa21,anth odor,hl,1,,,
abaa21,briz medi,hl,2a,,,
abaa21,care flac,hl,r,,,
abaa21,care lepi,hl,r,,,
abaa21,care pall,hl,+,,,
abaa21,care pani,hl,1,,,
abaa21,care sylv,hl,+,,,
abaa21,cera holo,hl,+,,,
abaa21,crep bien,hl,1,,,
abaa21,cyno cris,hl,2a,,,
abaa21,dact glom glom,hl,1,,,
abaa21,dact maja maja,hl,r,,,
abaa21,equi arve,hl,r,,,
abaa21,euph offi rost,hl,+,,,
abaa21,fest prat prat,hl,2a,,,
abaa21,fest rubr rubr,hl,2b,,,
abaa21,gali albu,hl,r,,,
abaa21,hera spho spho,hl,+,,,
abaa21,lath prat prat,hl,+,,,
abaa21,leon hisp hisp,hl,2a,,,
abaa21,linu cath,hl,+,,,
abaa21,loli pere,hl,1,,,
abaa21,lotu corn,hl,2a,,,
abaa21,luzu camp,hl,r,,,
abaa21,phle prat,hl,+,,,
abaa21,plan lanc,hl,1,,,
abaa21,poa triv,hl,+,,,
abaa21,prim elat,hl,r,,,
abaa21,prun vulg,hl,+,,,
abaa21,ranu acri acri,hl,1,,,
abaa21,ranu mont,hl,+,,,
abaa21,ranu nemo,hl,r,,,
abaa21,ranu repe,hl,+,,,
abaa21,rhin alec alec,hl,2a,,,
abaa21,rhin mino,hl,+,,,
abaa21,rume acet osa,hl,+,,,
abaa21,stel gram,hl,+,,,
abaa21,tara sect rude,hl,+,,,
abaa21,trag orie,hl,r,,,
abaa21,trif prat prat,hl,2b,,,
abaa21,trif repe repe,hl,1,,,
abaa21,tris flav flav,hl,1,,,
abaa21,vero cham cham,hl,+,,,
abaa22,alch glab,hl,+,,cf,
abaa22,alch mont,hl,+,,,
abaa22,anth odor,hl,2a,,,
abaa22,astr majo,hl,r,,,
abaa22,briz medi,hl,2a,,,
abaa22,care flac,hl,r,,,
abaa22,care hirt,hl,+,,,
abaa22,care nigr,hl,r,,,
abaa22,care pall,hl,1,,,
abaa22,care pani,hl,2a,,,
abaa22,care sylv,hl,+,,,
abaa22,crep aure aure,hl,1,,,
abaa22,cyno cris,hl,2a,,,
abaa22,dact glom glom,hl,+,,,
abaa22,dact macu slat,hl,r,,,
abaa22,dact maja maja,hl,+,,,
abaa22,euph offi rost,hl,+,,,
abaa22,fest prat prat,hl,2a,,,
abaa22,fest rubr rubr,hl,1,,,
abaa22,gali albu,hl,+,,,
abaa22,hera spho spho,hl,+,,,
abaa22,hype macu,hl,1,,,
abaa22,junc effu,hl,+,,,
abaa22,lath prat prat,hl,1,,,
abaa22,leon hisp hisp,hl,2b,,,
abaa22,loli pere,hl,1,,,
abaa22,lotu corn,hl,1,,,
abaa22,luzu mult,hl,r,,,
abaa22,ment long,hl,+,,,
abaa22,myos palu aggr,hl,r,,,
abaa22,phle prat,hl,1,,,
abaa22,plan lanc,hl,1,,,
abaa22,poa triv,hl,+,,,
abaa22,prim elat,hl,r,,,
abaa22,prun vulg,hl,r,,,
abaa22,ranu acri acri,hl,+,,,
abaa22,ranu mont,hl,+,,,
abaa22,ranu repe,hl,+,,,
abaa22,rhin alec alec,hl,r,,,
abaa22,rhin mino,hl,1,,,
abaa22,rume acet osa,hl,+,,,
abaa22,stel gram,hl,+,,,
abaa22,tara sect rude,hl,+,,,
abaa22,trif dubi,hl,r,,,
abaa22,trif prat prat,hl,1,,,
abaa22,trif repe repe,hl,r,,,
abaa22,vero cham cham,hl,+,,,
abaa22,vici sepi,hl,r,,,
abaa23,alch mont,hl,1,,,
abaa23,anth odor,hl,1,,,
abaa23,bell pere,hl,+,,,
abaa23,blys comp,hl,r,,,
abaa23,briz medi,hl,2b,,,
abaa23,care hirt,hl,+,,,
abaa23,care pall,hl,1,,,
abaa23,care pani,hl,2a,,,
abaa23,care sylv,hl,1,,,
abaa23,caru carv,hl,1,,,
abaa23,cera holo,hl,+,,,
abaa23,cyno cris,hl,2a,,,
abaa23,dact glom glom,hl,1,,,
abaa23,equi arve,hl,r,,,
abaa23,euph offi rost,hl,1,,,
abaa23,fest prat prat,hl,2a,,,
abaa23,fest rubr rubr,hl,1,,,
abaa23,hera spho spho,hl,+,,,
abaa23,lath prat prat,hl,+,,,
abaa23,leon hisp hisp,hl,3,,,
abaa23,leuc ircu,hl,r,,,
abaa23,lotu corn,hl,2a,,,
abaa23,phle prat,hl,1,,,
abaa23,plan lanc,hl,1,,,
abaa23,pote rept,hl,+,,,
abaa23,prun vulg,hl,+,,,
abaa23,ranu acri acri,hl,1,,,
abaa23,ranu mont,hl,+,,,
abaa23,ranu repe,hl,+,,,
abaa23,rhin alec alec,hl,+,,,
abaa23,rhin mino,hl,1,,,
abaa23,rume acet osa,hl,+,,,
abaa23,stel gram,hl,+,,,
abaa23,tara sect rude,hl,+,,,
abaa23,trag orie,hl,r,,,
abaa23,trif prat prat,hl,2a,,,
abaa23,trif repe repe,hl,+,,,
abaa23,tris flav flav,hl,1,,,
abaa23,vici crac,hl,+,,,
abaa24,achi mill aggr,hl,+,,,
abaa24,ajug rept,hl,r,,,
abaa24,alch mont,hl,1,,,
abaa24,alop prat,hl,2a,,,
abaa24,caru carv,hl,2a,,,
abaa24,cera holo,hl,+,,,
abaa24,crep bien,hl,2a,,,
abaa24,cyno cris,hl,+,,,
abaa24,dact glom glom,hl,1,,,
abaa24,fest prat prat,hl,1,,,
abaa24,fest rubr rubr,hl,+,,,
abaa24,hera spho spho,hl,2b,,,
abaa24,lath prat prat,hl,1,,,
abaa24,loli pere,hl,2a,,,
abaa24,lotu corn,hl,+,,,
abaa24,phle prat,hl,2a,,,
abaa24,plan lanc,hl,1,,,
abaa24,poa triv,hl,2a,,,
abaa24,prun vulg,hl,r,,,
abaa24,ranu acri acri,hl,1,,,
abaa24,ranu repe,hl,1,,,
abaa24,rhin alec alec,hl,+,,,
abaa24,rume acet osa,hl,+,,,
abaa24,rume obtu obtu,hl,r,,,
abaa24,tara sect rude,hl,1,,,
abaa24,trag orie,hl,r,,,
abaa24,trif prat prat,hl,3,,,
abaa24,trif repe repe,hl,2b,,,
abaa24,tris flav flav,hl,3,,,
abaa24,vero arve,hl,+,,,
abaa24,vici crac,hl,+,,,
abaa25,aego poda,hl,1,,,
abaa25,alop prat,hl,2b,,,
abaa25,caru carv,hl,+,,,
abaa25,crep aure aure,hl,2a,,,
abaa25,dact glom glom,hl,2b,,,
abaa25,elyt repe,hl,r,,,
abaa25,hera spho spho,hl,4,,,
abaa25,lath prat prat,hl,1,,,
abaa25,loli pere,hl,2a,,,
abaa25,phle prat,hl,2a,,,
abaa25,plan lanc,hl,+,,,
abaa25,poa triv,hl,2a,,,
abaa25,ranu acri acri,hl,1,,,
abaa25,ranu repe,hl,1,,,
abaa25,rhin alec alec,hl,r,,,
abaa25,rume acet osa,hl,+,,,
abaa25,rume obtu obtu,hl,1,,,
abaa25,tara sect rude,hl,1,,,
abaa25,trag orie,hl,r,,,
abaa25,trif prat prat,hl,2a,,,
abaa25,trif repe repe,hl,2a,,,
abaa25,tris flav flav,hl,2a,,,
abaa25,vero cham cham,hl,+,,,
abaa25,vero serp serp,hl,r,,,
abaa25,vici crac,hl,2a,,,
abaa25,vici sepi,hl,r,,,
abaa26,blys comp,hl,1,,,
abaa26,briz medi,hl,1,,,
abaa26,calt palu,hl,+,,,
abaa26,care dava,hl,3,,,
abaa26,care echi,hl,r,,,
abaa26,care flac,hl,+,,,
abaa26,care flav flav,hl,r,,,
abaa26,care host,hl,1,,,
abaa26,care nigr,hl,2a,,,
abaa26,care pani,hl,2b,,,
abaa26,dact maja maja,hl,1,,,
abaa26,eleo quin,hl,1,x,,
abaa26,epip palu,hl,+,,,
abaa26,equi arve,hl,r,,,
abaa26,erio lati,hl,2b,,,
abaa26,euph offi rost,hl,+,,,
abaa26,fest prat prat,hl,r,,,
abaa26,fest rubr rubr,hl,r,,,
abaa26,frax exce,hl,r,,,
abaa26,junc arti,hl,1,,,
abaa26,junc effu,hl,+,,,
abaa26,junc infl,hl,+,,,
abaa26,lath prat prat,hl,r,,,
abaa26,leon hisp hisp,hl,1,,,
abaa26,linu cath,hl,r,,,
abaa26,lotu corn,hl,+,,,
abaa26,lyth sali,hl,+,,,
abaa26,ment long,hl,r,,,
abaa26,moli caer,hl,1,,,
abaa26,parn palu,hl,+,,,
abaa26,ping vulg,hl,+,,,
abaa26,plan lanc,hl,+,,,
abaa26,poly amar ella,hl,r,,,
abaa26,pote erec,hl,1,,,
abaa26,prim elat,hl,r,,,
abaa26,prim fari,hl,r,,,
abaa26,ranu acri acri,hl,+,,,
abaa26,ranu mont,hl,1,,,
abaa26,tofi caly,hl,+,,,
abaa26,trif prat prat,hl,+,,,
abaa26,vale dioi dioi,hl,1,,,
abaa26,vici crac,hl,r,,,
abaa26,will stip stip,hl,+,,,
abaa27,alch glab,hl,+,,cf,
abaa27,alch mont,hl,+,,,
abaa27,anth odor,hl,+,,,
abaa27,blys comp,hl,2a,,,
abaa27,briz medi,hl,2a,,,
abaa27,calt palu,hl,1,,,
abaa27,care dava,hl,3,,,
abaa27,care flac,hl,+,,,
abaa27,care flav flav,hl,+,,,
abaa27,care lepi,hl,+,,,
abaa27,care nigr,hl,1,,,
abaa27,care pall,hl,+,,,
abaa27,care pani,hl,2a,,,
abaa27,care pani pani,hl,1,,,
abaa27,cera holo,hl,r,,,
abaa27,cyno cris,hl,+,,,
abaa27,epil parv,hl,+,,,
abaa27,equi arve,hl,r,,,
abaa27,erio lati,hl,+,,,
abaa27,euph offi rost,hl,+,,,
abaa27,fest prat prat,hl,2a,,,
abaa27,fest rubr rubr,hl,r,,,
abaa27,gali ulig,hl,+,,,
abaa27,hype tetr,hl,r,,,
abaa27,junc arti,hl,1,,,
abaa27,junc effu,hl,+,,,
abaa27,junc infl,hl,+,,,
abaa27,lath prat prat,hl,+,,,
abaa27,lotu corn,hl,+,,,
abaa27,luzu mult,hl,+,,,
abaa27,lych flos cucu,hl,+,,,
abaa27,lysi nemo,hl,r,,,
abaa27,lyth sali,hl,1,,,
abaa27,ment long,hl,1,,,
abaa27,myos palu aggr,hl,+,,,
abaa27,parn palu,hl,+,,,
abaa27,plan lanc,hl,+,,,
abaa27,pote erec,hl,1,,,
abaa27,prim elat,hl,r,,,
abaa27,prun vulg,hl,r,,,
abaa27,ranu acri acri,hl,1,,,
abaa27,ranu mont,hl,+,,,
abaa27,ranu repe,hl,r,,,
abaa27,trif prat prat,hl,1,,,
abaa27,vale dioi dioi,hl,2a,,,
abaa27,will stip stip,hl,1,,,
abaa28,ajug rept,hl,+,,,
abaa28,alch mont,hl,1,,,
abaa28,alop prat,hl,+,,,
abaa28,anth odor,hl,2a,,,
abaa28,briz medi,hl,1,,,
abaa28,calt palu,hl,+,,,
abaa28,care echi,hl,1,,,
abaa28,care flav flav,hl,+,,,
abaa28,care lepi,hl,+,,,
abaa28,care lepo,hl,+,,,
abaa28,care nigr,hl,1,,,
abaa28,care pall,hl,+,,,
abaa28,care pani,hl,2b,,,
abaa28,caru carv,hl,+,,,
abaa28,cera holo,hl,+,,,
abaa28,chae hirs,hl,+,,,
abaa28,cyno cris,hl,2a,,,
abaa28,dact glom glom,hl,+,,,
abaa28,dact maja maja,hl,+,,,
abaa28,fest prat prat,hl,1,,,
abaa28,fest rubr rubr,hl,1,,,
abaa28,gali ulig,hl,+,,,
abaa28,holc lana,hl,2b,,,
abaa28,junc arti,hl,+,,,
abaa28,junc effu,hl,1,,,
abaa28,lath prat prat,hl,+,,,
abaa28,leon hisp hisp,hl,1,,,
abaa28,leuc ircu,hl,r,,,
abaa28,lotu corn,hl,+,,,
abaa28,lych flos cucu,hl,+,,,
abaa28,myos palu aggr,hl,+,,,
abaa28,plan lanc,hl,1,,,
abaa28,poa triv,hl,+,,,
abaa28,prun vulg,hl,1,,,
abaa28,ranu acri acri,hl,1,,,
abaa28,ranu repe,hl,+,,,
abaa28,rhin mino,hl,+,,,
abaa28,rume acet osa,hl,+,,,
abaa28,scir sylv,hl,2b,,,
abaa28,trif dubi,hl,2m,,,
abaa28,trif prat prat,hl,2a,,,
abaa28,trif repe repe,hl,1,,,
abaa28,trol euro,hl,1,,,
abaa28,vale dioi dioi,hl,1,,,
abaa28,vici crac,hl,+,,,
abaa28,will stip stip,hl,1,,,
abaa29,alch mont,hl,1,,,
abaa29,anth odor,hl,2a,,,
abaa29,briz medi,hl,1,,,
abaa29,calt palu,hl,+,,,
abaa29,care echi,hl,1,,,
abaa29,care flav flav,hl,+,,,
abaa29,care lepi,hl,+,,,
abaa29,care lepo,hl,2a,,,
abaa29,care nigr,hl,1,,,
abaa29,care pall,hl,2a,,,
abaa29,care pani,hl,2a,,,
abaa29,cyno cris,hl,1,,,
abaa29,dact maja maja,hl,+,,,
abaa29,fest prat prat,hl,2a,,,
abaa29,fest rubr rubr,hl,1,,,
abaa29,gali palu palu,hl,+,,,
abaa29,gali ulig,hl,+,,,
abaa29,holc lana,hl,2b,,,
abaa29,junc effu,hl,1,,,
abaa29,lath prat prat,hl,+,,,
abaa29,leon hisp hisp,hl,1,,,
abaa29,lotu corn,hl,+,,,
abaa29,luzu mult,hl,+,,,
abaa29,lych flos cucu,hl,1,,,
abaa29,myos palu aggr,hl,+,,,
abaa29,phle prat,hl,+,,,
abaa29,plan lanc,hl,1,,,
abaa29,poa triv,hl,+,,,
abaa29,prun vulg,hl,1,,,
abaa29,ranu acon,hl,r,,,
abaa29,ranu acri acri,hl,1,,,
abaa29,ranu repe,hl,+,,,
abaa29,rume acet osa,hl,+,,,
abaa29,scir sylv,hl,r,,,
abaa29,trif dubi,hl,2m,,,
abaa29,trif prat prat,hl,2a,,,
abaa29,trif repe repe,hl,+,,,
abaa29,tris flav flav,hl,+,,,
abaa29,trol euro,hl,1,,,
abaa29,vale dioi dioi,hl,+,,,
abaa29,vici crac,hl,+,,,
abaa29,will stip stip,hl,+,,,
abaa30,scir sylv,hl,4,,,
abaa30,ment long,hl,3,,,
abaa30,junc effu,hl,2a,,,
abaa30,gali palu palu,hl,1,,,
abaa30,lath prat prat,hl,+,,,
abaa30,vale dioi dioi,hl,2b,,,
abaa30,myos palu aggr,hl,2m,,,
abaa30,care pani pani,hl,1,,,
abaa30,care pani,hl,2b,,,
abaa30,care briz,hl,1,,,
abaa30,care pall,hl,+,,,
abaa30,care nigr,hl,+,,,
abaa30,care flav flav,hl,+,,,
abaa30,care echi,hl,+,,,
abaa30,care flac,hl,r,,,
abaa30,care lepo,hl,+,,,
abaa30,pote erec,hl,2a,,,
abaa30,trif medi medi,hl,r,,,
abaa30,ranu acri acri,hl,r,,,
abaa30,gali ulig,hl,+,,,
abaa30,poa triv,hl,+,,,
abaa30,cyno cris,hl,r,,,
abaa30,junc infl,hl,1,,,
abaa30,alch glab,hl,+,,,
abaa30,cirs palu,hl,r,,,
abaa30,prim elat,hl,+,,,
abaa30,vici crac,hl,r,,,
abaa30,calt palu,hl,r,,,
abaa31,care briz,hl,5,,,
abaa31,phle prat,hl,+,,,
abaa31,scir sylv,hl,2a,,,
abaa31,vici crac,hl,+,,,
abaa31,vici sepi,hl,+,,,
abaa31,pote rept,hl,+,,,
abaa31,lath prat prat,hl,+,,,
abaa31,gali palu palu,hl,+,,,
abaa31,junc infl,hl,1,,,
abaa31,agro giga,hl,+,,,
abaa31,poa triv,hl,+,,,
abaa31,fest rubr rubr,hl,r,,,
abaa31,pote erec,hl,+,,,
abaa31,geum riva,hl,r,,,
abaa31,vale dioi dioi,hl,+,,,
abaa32,rubu sect rubu,hl,4,,,
abaa32,athy fili,hl,3,,,
abaa32,equi sylv,hl,1,,,
abaa32,agro capi,hl,1,,,
abaa32,holc moll,hl,2a,,,
abaa32,urti dioi dioi,hl,+,,,
abaa32,epil spec ies,hl,r,,,
abaa32,ment long,hl,+,,,
abaa32,gale psis spec ies,hl,r,,,
abaa32,vici sepi,hl,+,,,
abaa32,dryo fili,hl,+,,,
abaa32,vero cham cham,hl,r,,,
abaa32,cirs palu,hl,r,,,
abaa32,rubu idae,hl,r,,,
abaa32,samb race,hl,+,,,
abaa32,dryo dila,hl,+,,,
abaa33,scir sylv,hl,5,,,
abaa33,anth odor,hl,1,,,
abaa33,holc lana,hl,1,,,
abaa33,poa triv,hl,1,,,
abaa33,phle prat,hl,r,,,
abaa33,junc effu,hl,1,,,
abaa33,cyno cris,hl,1,,,
abaa33,fest prat prat,hl,+,,,
abaa33,briz medi,hl,+,,,
abaa33,agro capi,hl,+,,,
abaa33,fest rubr rubr,hl,r,,,
abaa33,ranu repe,hl,1,,,
abaa33,ranu acon,hl,1,,,
abaa33,ranu mont,hl,+,,,
abaa33,leon hisp hisp,hl,+,,,
abaa33,epil parv,hl,1,,,
abaa33,vale dioi dioi,hl,2a,,,
abaa33,lych flos cucu,hl,+,,,
abaa33,plan lanc,hl,+,,,
abaa33,trif dubi,hl,1,,,
abaa33,junc arti,hl,2a,,,
abaa33,vero becc,hl,+,,,
abaa33,calt palu,hl,1,,,
abaa33,will stip stip,hl,2a,,,
abaa33,myos palu aggr,hl,2a,,,
abaa33,dact maja maja,hl,+,,,
abaa33,trig palu,hl,r,,,
abaa33,gali palu palu,hl,+,,,
abaa33,trif prat prat,hl,r,,,
abaa33,cera holo,hl,r,,,
abaa33,ment aqua,hl,1,,,
abaa33,gali ulig,hl,+,,,
abaa33,rhin mino,hl,r,,,
abaa33,prun vulg,hl,r,,,
abaa33,chae hirs,hl,+,,,
abaa33,trif repe repe,hl,r,,,
abaa33,lyth sali,hl,r,,,
abaa33,care pani,hl,1,,,
abaa33,care flav flav,hl,+,,,
abaa33,care echi,hl,1,,,
abaa33,care nigr,hl,1,,,
abaa33,care pall,hl,r,,,
abaa33,care dava,hl,r,,,
abaa33,care pani pani,hl,r,,,
